"file_name","ground_truth_num_label","ground_truth_word_label","predicted_label","predicted_word_label","dataset","top3_label_1","top3_prob_1","top3_label_2","top3_prob_2","top3_label_3","top3_prob_3"
"ATT533_457X5_2021_photo2-20210621-132634.jpg","6","Neutral Grassland","5","Improved Grassland","./data/CS_Xplots_2019_2023_test","5","0.7004721164703369","6","0.26093530654907227","11","0.019322216510772705"
"ATT327_354X1_2020_photo2-20200901-092555.jpg","1","Broadleaved Mixed and Yew Woodland","5","Improved Grassland","./data/CS_Xplots_2019_2023_test","5","0.6639411449432373","6","0.3346465229988098","8","0.0010908048134297132"
"ATT433_461XX3_2021_photo1-20210603-142751.jpg","2","Coniferous Woodland","8","Acid Grassland","./data/CS_Xplots_2019_2023_test","8","0.963151216506958","2","0.026138678193092346","6","0.005691991187632084"
"ATT3037_1035X4_2023_photo2-20230823-145733.jpg","1","Broadleaved Mixed and Yew Woodland","10","Dwarf Shrub Heath","./data/CS_Xplots_2019_2023_test","10","0.7688578367233276","8","0.22863657772541046","9","0.0022578865755349398"
"ATT146_270X5_2020_photo1-20200811-134205.jpg","5","Improved Grassland","4","Arable and Horticulture","./data/CS_Xplots_2019_2023_test","4","0.8626281023025513","2","0.07279320061206818","6","0.0304129496216774"
"ATT2041_1012XX2_2023_photo1-20230706-162448.jpg","15","Montane","10","Dwarf Shrub Heath","./data/CS_Xplots_2019_2023_test","10","0.992244303226471","8","0.004930625203996897","15","0.0017655650153756142"
"ATT253_384X5_2020_photo3-20200813-111944.jpg","2","Coniferous Woodland","1","Broadleaved Mixed and Yew Woodland","./data/CS_Xplots_2019_2023_test","1","0.978260338306427","2","0.021737895905971527","6","9.820880677580135e-7"
"ATT268_409X5_2020_photo3-20200818-144320.jpg","9","Bracken","8","Acid Grassland","./data/CS_Xplots_2019_2023_test","8","0.8581036925315857","9","0.14018648862838745","6","0.0013863969361409545"
"ATT1818_953XX3_2023_photo3-20230630-103316.jpg","11","Fen, Marsh, Swamp","10","Dwarf Shrub Heath","./data/CS_Xplots_2019_2023_test","10","0.656880259513855","8","0.33691078424453735","11","0.00277203437872231"
"ATT2903_1102X2_2023_photo2-20230815-095504.jpg","5","Improved Grassland","6","Neutral Grassland","./data/CS_Xplots_2019_2023_test","6","0.974113404750824","8","0.016409289091825485","7","0.007023780141025782"
"ATT956_1261XX5_2021_photo2-20210818-131846.jpg","11","Fen, Marsh, Swamp","8","Acid Grassland","./data/CS_Xplots_2019_2023_test","8","0.9872703552246094","6","0.009173166006803513","9","0.0033193081617355347"
"ATT1233_350XX1_photo4-20190909-164501.jpg","6","Neutral Grassland","5","Improved Grassland","./data/CS_Xplots_2019_2023_test","5","0.8996561169624329","6","0.09300418198108673","7","0.006977246142923832"
"ATT1212_607X1_2022_photo2-20220830-161748.jpg","6","Neutral Grassland","5","Improved Grassland","./data/CS_Xplots_2019_2023_test","5","0.9997654557228088","6","0.0001283844030695036","4","0.0000932244656723924"
"ATT656_347XX1_2023_photo1-20230511-085342.jpg","11","Fen, Marsh, Swamp","6","Neutral Grassland","./data/CS_Xplots_2019_2023_test","6","0.9857460260391235","11","0.013138924725353718","5","0.0009504738845862448"
"ATT64_741XX3_2020_photo2-20200810-122312.jpg","11","Fen, Marsh, Swamp","6","Neutral Grassland","./data/CS_Xplots_2019_2023_test","6","0.4400651752948761","4","0.41476699709892273","1","0.09764664620161057"
"ATT374_161X5_2020_photo3-20200824-112853.jpg","8","Acid Grassland","6","Neutral Grassland","./data/CS_Xplots_2019_2023_test","6","0.6873685121536255","5","0.30882033705711365","8","0.0015454187523573637"
"ATT1342_932XX4_2019_IMG_4425.jpg","8","Acid Grassland","12","Bog","./data/CS_Xplots_2019_2023_test","12","0.7277054786682129","10","0.19279958307743073","8","0.07614655792713165"
"ATT277_321XX2_2022_photo2-20220525-092050.jpg","8","Acid Grassland","12","Bog","./data/CS_Xplots_2019_2023_test","12","0.7862014770507812","8","0.21016249060630798","15","0.002176479669287801"
"ATT2234_43X1_2023_photo2-20230718-125545.jpg","5","Improved Grassland","6","Neutral Grassland","./data/CS_Xplots_2019_2023_test","6","0.9980781078338623","7","0.0008397845667786896","8","0.0003897628921549767"
"ATT1004_744XX2_photo4-20190820-141054.jpg","2","Coniferous Woodland","1","Broadleaved Mixed and Yew Woodland","./data/CS_Xplots_2019_2023_test","1","0.52696692943573","2","0.47301608324050903","6","0.000011920763427042402"
"ATT106_966X2_2022_photo2-20220517-120228.jpg","12","Bog","8","Acid Grassland","./data/CS_Xplots_2019_2023_test","8","0.8501590490341187","12","0.14372041821479797","10","0.003334907814860344"
"ATT236_383X1_2020_photo4-20200814-090031.jpg","4","Arable and Horticulture","2","Coniferous Woodland","./data/CS_Xplots_2019_2023_test","2","0.6261968612670898","1","0.3683406114578247","10","0.004789505619555712"
"ATT267_409X5_2020_photo2-20200818-144125.jpg","9","Bracken","8","Acid Grassland","./data/CS_Xplots_2019_2023_test","8","0.9391695261001587","9","0.060093462467193604","6","0.0004170179308857769"
"ATT198_1240XX5_2022_photo1-20220518-092643.jpg","11","Fen, Marsh, Swamp","14","Littoral Sediment","./data/CS_Xplots_2019_2023_test","14","0.9618746638298035","11","0.03644837439060211","13","0.0013974705943837762"
"ATT946_328X3_photo2_2019.jpg","1","Broadleaved Mixed and Yew Woodland","4","Arable and Horticulture","./data/CS_Xplots_2019_2023_test","4","0.6618127226829529","1","0.312044233083725","6","0.022739265114068985"
"ATT541_937X4_2019_IMG_3158_X4.JPG","2","Coniferous Woodland","12","Bog","./data/CS_Xplots_2019_2023_test","12","0.7351841926574707","8","0.17414575815200806","2","0.06097625941038132"
"ATT1242_350XX5_photo3-20190909-132611.jpg","6","Neutral Grassland","5","Improved Grassland","./data/CS_Xplots_2019_2023_test","5","0.9179157614707947","6","0.08010148257017136","8","0.001493950025178492"
"ATT759_1038X1_2021_photo2-20210723-110032.jpg","6","Neutral Grassland","4","Arable and Horticulture","./data/CS_Xplots_2019_2023_test","4","0.8276270031929016","5","0.12546615302562714","0","0.03820481151342392"
"ATT570_1248XX2_2022_photo2-20220617-085654.jpg","6","Neutral Grassland","4","Arable and Horticulture","./data/CS_Xplots_2019_2023_test","4","0.9975067973136902","6","0.001941354013979435","1","0.00033612886909395456"
"ATT870_922XX3_2023_photo1-20230601-104418.jpg","8","Acid Grassland","10","Dwarf Shrub Heath","./data/CS_Xplots_2019_2023_test","10","0.9244034290313721","8","0.07501422613859177","12","0.00037917308509349823"
"ATT431_182XX4_2020_photo2-20200907-115546.jpg","4","Arable and Horticulture","6","Neutral Grassland","./data/CS_Xplots_2019_2023_test","6","0.9769434332847595","1","0.01642606407403946","7","0.004884849768131971"
"ATT724_757XX2_photo3-20190808-101944.jpg","8","Acid Grassland","11","Fen, Marsh, Swamp","./data/CS_Xplots_2019_2023_test","11","0.9697801470756531","12","0.027429360896348953","8","0.0016346056945621967"
"ATT3406_998XX5_2023_photo2-20230911-161858.jpg","9","Bracken","8","Acid Grassland","./data/CS_Xplots_2019_2023_test","8","0.5776851773262024","9","0.36475521326065063","10","0.05287078395485878"
"ATT1614_634X1_2023_photo1-20230620-141141.jpg","6","Neutral Grassland","5","Improved Grassland","./data/CS_Xplots_2019_2023_test","5","0.9952988028526306","6","0.004401534795761108","4","0.0002167787606595084"
"ATT706_254XX5_photo2_2019.jpg","5","Improved Grassland","6","Neutral Grassland","./data/CS_Xplots_2019_2023_test","6","0.615645170211792","5","0.38269829750061035","7","0.0010727328481152654"
"ATT3093_775XX2_2023_photo1-20230822-120234.jpg","6","Neutral Grassland","8","Acid Grassland","./data/CS_Xplots_2019_2023_test","8","0.9688863158226013","5","0.008464713580906391","6","0.005872664973139763"
"ATT394_83XX2_photo1-20190624-134232.jpg","8","Acid Grassland","10","Dwarf Shrub Heath","./data/CS_Xplots_2019_2023_test","10","0.9856747984886169","8","0.0057062250562012196","6","0.004631428048014641"
"ATT148_270X5_2020_photo3-20200811-134322.jpg","5","Improved Grassland","6","Neutral Grassland","./data/CS_Xplots_2019_2023_test","6","0.7880279421806335","1","0.21153731644153595","8","0.00017594726523384452"
"ATT3372_1063XX1_2023_photo2-20230907-102040.jpg","17","Inland Rock","10","Dwarf Shrub Heath","./data/CS_Xplots_2019_2023_test","10","0.7260657548904419","12","0.2715102732181549","17","0.0010982860112562776"
"ATT422_84XX4_2022_sp_photo2-20220523-122344.jpg","6","Neutral Grassland","5","Improved Grassland","./data/CS_Xplots_2019_2023_test","5","0.9203925728797913","4","0.05953711271286011","1","0.017375562340021133"
"ATT1203_569X4_photo1-20190910-130616.jpg","5","Improved Grassland","6","Neutral Grassland","./data/CS_Xplots_2019_2023_test","6","0.9301102757453918","5","0.06516488641500473","7","0.0036335845943540335"
"ATT848_471X4_photo1-20190806-094533.jpg","5","Improved Grassland","8","Acid Grassland","./data/CS_Xplots_2019_2023_test","8","0.44631853699684143","6","0.3598514497280121","5","0.11788114160299301"
"ATT1261_502X1_photo1-20190902-174750.jpg","1","Broadleaved Mixed and Yew Woodland","5","Improved Grassland","./data/CS_Xplots_2019_2023_test","5","0.5127143859863281","4","0.32539910078048706","6","0.08584810048341751"
"ATT764_835X1_photo1-20190813-123653.jpg","11","Fen, Marsh, Swamp","12","Bog","./data/CS_Xplots_2019_2023_test","12","0.9034597873687744","8","0.06696495413780212","11","0.0176377072930336"
"ATT508_179X6_2021_photo2-20210622-094722.jpg","6","Neutral Grassland","5","Improved Grassland","./data/CS_Xplots_2019_2023_test","5","0.8536398410797119","6","0.1444191336631775","4","0.0014897953951731324"
"ATT2482_147XX4_2023_photo3-20230809-092535.jpg","5","Improved Grassland","4","Arable and Horticulture","./data/CS_Xplots_2019_2023_test","4","0.9323530793190002","5","0.06655443459749222","6","0.0005807129200547934"
"ATT2516_1152X5_2023_photo3-20230805-150816.jpg","12","Bog","10","Dwarf Shrub Heath","./data/CS_Xplots_2019_2023_test","10","0.9820986986160278","17","0.011687773279845715","12","0.002616659039631486"
"ATT705_254XX5_photo1_2019.jpg","5","Improved Grassland","6","Neutral Grassland","./data/CS_Xplots_2019_2023_test","6","0.668498694896698","5","0.3291691541671753","7","0.0020877181086689234"
"ATT372_161X5_2020_photo1-20200824-112742.jpg","8","Acid Grassland","5","Improved Grassland","./data/CS_Xplots_2019_2023_test","5","0.907172441482544","6","0.08479392528533936","7","0.007782504428178072"
"ATT11_693XX1_2020_photo1-20200806-111510.jpg","12","Bog","10","Dwarf Shrub Heath","./data/CS_Xplots_2019_2023_test","10","0.9881442785263062","12","0.011124901473522186","8","0.0007233124342747033"
"ATT539_937X1_photo3-20190708-120300.jpg","12","Bog","11","Fen, Marsh, Swamp","./data/CS_Xplots_2019_2023_test","11","0.5523052215576172","12","0.3968435227870941","8","0.048099763691425323"
"ATT1116_322XX5_2021_photo2-20210915-134731.jpg","9","Bracken","8","Acid Grassland","./data/CS_Xplots_2019_2023_test","8","0.6273348927497864","9","0.3686898946762085","6","0.0020908399019390345"
"ATT1240_350XX5_photo1-20190909-132318.jpg","6","Neutral Grassland","5","Improved Grassland","./data/CS_Xplots_2019_2023_test","5","0.9343563318252563","6","0.06543241441249847","4","0.0001217050667037256"
"ATT2249_64XX2_2023_photo2-20230721-094524.jpg","14","Littoral Sediment","19","Supra-littoral Sediment","./data/CS_Xplots_2019_2023_test","19","0.9412363767623901","3","0.020120801404118538","1","0.008750809356570244"
"ATT949_145XX3_2023_photo3-20230516-132649.jpg","6","Neutral Grassland","5","Improved Grassland","./data/CS_Xplots_2019_2023_test","5","0.8058061003684998","6","0.17578959465026855","0","0.015029813162982464"
"ATT97_224XX5_2023_photo3-20230502-124643.jpg","5","Improved Grassland","6","Neutral Grassland","./data/CS_Xplots_2019_2023_test","6","0.9875938296318054","5","0.012015565298497677","4","0.0003567691892385483"
"ATT388_35XX1_2023_photo2-20230516-131755.jpg","10","Dwarf Shrub Heath","8","Acid Grassland","./data/CS_Xplots_2019_2023_test","8","0.6826015710830688","12","0.2535373270511627","10","0.061420321464538574"
"ATT1338_1017X2_2022_photo3-20220928-100639.jpg","10","Dwarf Shrub Heath","2","Coniferous Woodland","./data/CS_Xplots_2019_2023_test","2","0.494343638420105","10","0.4027767777442932","1","0.07904408127069473"
"ATT251_30X2_2023_photo1-20230511-145527.jpg","7","Calcareous Grassland","5","Improved Grassland","./data/CS_Xplots_2019_2023_test","5","0.9336888790130615","6","0.04040020704269409","7","0.020827675238251686"
"ATT2732_785X2_2023_photo2-20230815-101418.jpg","11","Fen, Marsh, Swamp","8","Acid Grassland","./data/CS_Xplots_2019_2023_test","8","0.5538386702537537","12","0.39513707160949707","11","0.03646557405591011"
"ATT2220_1113XX1_2023_photo2-20230720-150151.jpg","2","Coniferous Woodland","10","Dwarf Shrub Heath","./data/CS_Xplots_2019_2023_test","10","0.9814831614494324","12","0.012666666880249977","2","0.005012948997318745"
"ATT807_796X1_photo1-20190819-094150.jpg","5","Improved Grassland","6","Neutral Grassland","./data/CS_Xplots_2019_2023_test","6","0.816267192363739","5","0.1619182676076889","4","0.01953636109828949"
"ATT266_409X5_2020_photo1-20200818-144028.jpg","9","Bracken","8","Acid Grassland","./data/CS_Xplots_2019_2023_test","8","0.7152630090713501","9","0.2835509181022644","6","0.0007174703059718013"
"ATT3042_994XX3_2023_photo1-20230824-115028.jpg","12","Bog","10","Dwarf Shrub Heath","./data/CS_Xplots_2019_2023_test","10","0.9987068176269531","12","0.0012173909926787019","8","0.0000249269596679369"
"ATT2201_1093XX2_2023_photo3-20230719-110758.jpg","11","Fen, Marsh, Swamp","12","Bog","./data/CS_Xplots_2019_2023_test","12","0.5941011309623718","8","0.2421095371246338","11","0.1451842188835144"
"ATT711_231XX3_photo1_2019.jpg","11","Fen, Marsh, Swamp","6","Neutral Grassland","./data/CS_Xplots_2019_2023_test","6","0.8514047265052795","11","0.0655561238527298","12","0.05716799199581146"
"ATT679_263XX2_2021_photo1-20210705-112657.jpg","9","Bracken","8","Acid Grassland","./data/CS_Xplots_2019_2023_test","8","0.9173393845558167","9","0.08040252327919006","6","0.0018727763090282679"
"ATT1108_259XX5_2021_photo2-20210914-124626.jpg","10","Dwarf Shrub Heath","9","Bracken","./data/CS_Xplots_2019_2023_test","9","0.5325695872306824","10","0.307710736989975","8","0.15869151055812836"
"ATT204_464X3_2020_photo4-20200821-083833.jpg","6","Neutral Grassland","5","Improved Grassland","./data/CS_Xplots_2019_2023_test","5","0.8425515294075012","6","0.1485041081905365","4","0.008836762979626656"
"ATT3304_1064X1_2023_photo2-20230906-084017.jpg","12","Bog","10","Dwarf Shrub Heath","./data/CS_Xplots_2019_2023_test","10","0.8329272866249084","12","0.16684842109680176","11","0.00015145119687076658"
"ATT674_260XX2_photo2-20190724-113758.jpg","10","Dwarf Shrub Heath","12","Bog","./data/CS_Xplots_2019_2023_test","12","0.6992630362510681","8","0.2860184907913208","10","0.014001494273543358"
"ATT152_968XX2_2021_photo1-20210518-085504.jpg","8","Acid Grassland","12","Bog","./data/CS_Xplots_2019_2023_test","12","0.9997819066047668","8","0.00011668085062410682","11","0.000060934904468012974"
"ATT1111_869X1_2023_photo4-20230606-123207.jpg","8","Acid Grassland","11","Fen, Marsh, Swamp","./data/CS_Xplots_2019_2023_test","11","0.8521571755409241","8","0.10026870667934418","12","0.04611918330192566"
"ATT913_1041X4_photo1_2019.jpg","12","Bog","10","Dwarf Shrub Heath","./data/CS_Xplots_2019_2023_test","10","0.9509792327880859","12","0.04862045869231224","17","0.0002609275106806308"
"ATT184_588XX5_2020_photo3-20200820-122201.jpg","10","Dwarf Shrub Heath","12","Bog","./data/CS_Xplots_2019_2023_test","12","0.6591647267341614","10","0.33872437477111816","8","0.0009110333048738539"
"ATT879_931X5_photo2-20190806-074824.jpg","8","Acid Grassland","9","Bracken","./data/CS_Xplots_2019_2023_test","9","0.7276886701583862","6","0.1601157933473587","8","0.11167175322771072"
"ATT765_835X1_photo2-20190813-123755.jpg","11","Fen, Marsh, Swamp","12","Bog","./data/CS_Xplots_2019_2023_test","12","0.9513147473335266","8","0.03808664530515671","11","0.008335751481354237"
"ATT876_47X6_2021_photo1-20210811-100445.jpg","5","Improved Grassland","8","Acid Grassland","./data/CS_Xplots_2019_2023_test","8","0.5104972720146179","6","0.4465210735797882","7","0.038859423249959946"
"ATT825_191X1_photo1-20190820-145822.jpg","8","Acid Grassland","6","Neutral Grassland","./data/CS_Xplots_2019_2023_test","6","0.6764426827430725","7","0.20123550295829773","8","0.08363406360149384"
"ATT937_1084X3_photo1-20190718-130813.jpg","6","Neutral Grassland","11","Fen, Marsh, Swamp","./data/CS_Xplots_2019_2023_test","11","0.6315759420394897","6","0.36439380049705505","5","0.0020138337276875973"
"ATT2844_1216X2_2023_photo2-20230801-124550.jpg","1","Broadleaved Mixed and Yew Woodland","2","Coniferous Woodland","./data/CS_Xplots_2019_2023_test","2","0.9841983318328857","1","0.015799783170223236","12","0.0000010962897931676707"
"ATT581_844X3_2021_photo2-20210630-093729.jpg","10","Dwarf Shrub Heath","12","Bog","./data/CS_Xplots_2019_2023_test","12","0.9503342509269714","10","0.02438509277999401","17","0.020698003470897675"
"ATT76_1213X3_photo1-20190516-150852.jpg","8","Acid Grassland","11","Fen, Marsh, Swamp","./data/CS_Xplots_2019_2023_test","11","0.7038388252258301","8","0.2213878184556961","12","0.07317868620157242"
"ATT800_796X3_photo2-20190818-154750.jpg","6","Neutral Grassland","5","Improved Grassland","./data/CS_Xplots_2019_2023_test","5","0.8117676377296448","6","0.17556536197662354","7","0.011408054269850254"
"ATT26_889X7_2021_photo2-20210505-120845.jpg","2","Coniferous Woodland","12","Bog","./data/CS_Xplots_2019_2023_test","12","0.8309378027915955","2","0.16469186544418335","10","0.0024241216015070677"
"ATT1002_744XX2_photo2-20190820-140944.jpg","2","Coniferous Woodland","1","Broadleaved Mixed and Yew Woodland","./data/CS_Xplots_2019_2023_test","1","0.9247318506240845","2","0.07524239271879196","6","0.000015655588867957704"
"ATT1615_634X1_2023_photo2-20230620-141156.jpg","6","Neutral Grassland","5","Improved Grassland","./data/CS_Xplots_2019_2023_test","5","0.9943846464157104","6","0.0045638964511454105","4","0.000978930271230638"
"ATT628_843X2_2021_photo2-20210707-103513.jpg","1","Broadleaved Mixed and Yew Woodland","6","Neutral Grassland","./data/CS_Xplots_2019_2023_test","6","0.975978672504425","5","0.023576240986585617","1","0.0001457848702557385"
"ATT225_1259XX1_2021_photo1-20210519-124019.jpg","8","Acid Grassland","10","Dwarf Shrub Heath","./data/CS_Xplots_2019_2023_test","10","0.9548312425613403","8","0.03684941306710243","12","0.007999435998499393"
"ATT342_781XX1_2023_photo2-20230516-101045.jpg","6","Neutral Grassland","5","Improved Grassland","./data/CS_Xplots_2019_2023_test","5","0.6586629152297974","4","0.2831295430660248","6","0.056588735431432724"
"ATT1346_932XX4_2019_IMG_4429.jpg","8","Acid Grassland","12","Bog","./data/CS_Xplots_2019_2023_test","12","0.9831349849700928","17","0.009443686343729496","10","0.005997925065457821"
"ATT43_873XX3_2022_photo1-20220503-100633.jpg","6","Neutral Grassland","9","Bracken","./data/CS_Xplots_2019_2023_test","9","0.8036347031593323","8","0.15564392507076263","6","0.024304328486323357"
"ATT1344_932XX4_2019_IMG_4427.jpg","8","Acid Grassland","12","Bog","./data/CS_Xplots_2019_2023_test","12","0.9765886068344116","8","0.018044333904981613","10","0.004741296172142029"
"ATT470_809X5_2020_photo1-20200923-075029.jpg","11","Fen, Marsh, Swamp","8","Acid Grassland","./data/CS_Xplots_2019_2023_test","8","0.9935579895973206","10","0.005587366875261068","12","0.0006277706124819815"
"ATT637_1149X1_2022_photo1-20220624-084317.jpg","10","Dwarf Shrub Heath","12","Bog","./data/CS_Xplots_2019_2023_test","12","0.9997960925102234","10","0.00017834510072134435","11","0.000022682819690089673"
"ATT583_661XX5_photo3-20190710-131304.jpg","6","Neutral Grassland","5","Improved Grassland","./data/CS_Xplots_2019_2023_test","5","0.928328275680542","6","0.03442956134676933","7","0.025958625599741936"
"ATT826_191X1_photo2-20190820-145933.jpg","8","Acid Grassland","6","Neutral Grassland","./data/CS_Xplots_2019_2023_test","6","0.8275148868560791","5","0.10525166243314743","7","0.06105067580938339"
"ATT2515_1152X5_2023_photo2-20230805-150726.jpg","12","Bog","10","Dwarf Shrub Heath","./data/CS_Xplots_2019_2023_test","10","0.9684911966323853","17","0.02207583747804165","8","0.004106990061700344"
"ATT805_1200X5_2021_photo1-20210729-160034.jpg","12","Bog","10","Dwarf Shrub Heath","./data/CS_Xplots_2019_2023_test","10","0.6765821576118469","12","0.17135347425937653","8","0.1502014696598053"
"ATT503_1174XX1_2022_photo2-20220615-123346.jpg","19","Supra-littoral Sediment","8","Acid Grassland","./data/CS_Xplots_2019_2023_test","8","0.30749014019966125","10","0.28845998644828796","12","0.18973352015018463"
"ATT2530_930X4_2023_photo3-20230808-133145.jpg","11","Fen, Marsh, Swamp","12","Bog","./data/CS_Xplots_2019_2023_test","12","0.7243137359619141","11","0.2749447226524353","8","0.0003373063518665731"
"ATT624_1138XX5_2022_photo2-20220622-142931.jpg","6","Neutral Grassland","10","Dwarf Shrub Heath","./data/CS_Xplots_2019_2023_test","10","0.6313064098358154","17","0.1642928570508957","12","0.10259176045656204"
"ATT1324_1054XX3_2022_photo2-20220925-133426.jpg","11","Fen, Marsh, Swamp","8","Acid Grassland","./data/CS_Xplots_2019_2023_test","8","0.9995602965354919","11","0.00036685055238194764","6","0.000025085255401791073"
"ATT766_835X1_photo3-20190813-123900.jpg","11","Fen, Marsh, Swamp","12","Bog","./data/CS_Xplots_2019_2023_test","12","0.8075878620147705","8","0.10495945066213608","10","0.08506768196821213"
"ATT659_347XX1_2023_photo4-20230511-085447.jpg","11","Fen, Marsh, Swamp","6","Neutral Grassland","./data/CS_Xplots_2019_2023_test","6","0.9878137111663818","11","0.006430585402995348","5","0.005315376911312342"
"ATT584_661XX5_photo4-20190710-131319.jpg","6","Neutral Grassland","5","Improved Grassland","./data/CS_Xplots_2019_2023_test","5","0.9719047546386719","8","0.010686634108424187","6","0.010659676976501942"
"ATT74_694XX3_2020_photo2-20200812-092614.jpg","4","Arable and Horticulture","5","Improved Grassland","./data/CS_Xplots_2019_2023_test","5","0.9834558367729187","6","0.005910066422075033","4","0.005421396344900131"
"ATT231_1193X4_2022_photo1-20220524-122619.jpg","6","Neutral Grassland","5","Improved Grassland","./data/CS_Xplots_2019_2023_test","5","0.8010895848274231","6","0.19461631774902344","7","0.0023997873067855835"
"ATT337_101XX3_photo3-20190612-094520.jpg","11","Fen, Marsh, Swamp","6","Neutral Grassland","./data/CS_Xplots_2019_2023_test","6","0.9925575256347656","5","0.007292630150914192","7","0.0001266961480723694"
"ATT87_658X3_photo3-20190515-143756.jpg","8","Acid Grassland","12","Bog","./data/CS_Xplots_2019_2023_test","12","0.8956655859947205","8","0.10194829106330872","10","0.0020187071058899164"
"ATT1053_735XX1_photo2-20190827-130232.jpg","6","Neutral Grassland","5","Improved Grassland","./data/CS_Xplots_2019_2023_test","5","0.9669814705848694","6","0.03244582563638687","8","0.0004570548771880567"
"ATT509_1163XX4_2022_photo2-20220616-081112.jpg","12","Bog","10","Dwarf Shrub Heath","./data/CS_Xplots_2019_2023_test","10","0.9940738081932068","12","0.004368269816040993","8","0.0015327869914472103"
"ATT2334_926X3_2023_photo2-20230720-105639.jpg","5","Improved Grassland","6","Neutral Grassland","./data/CS_Xplots_2019_2023_test","6","0.5561369061470032","5","0.43655768036842346","8","0.004678936675190926"
"ATT618_1138XX2_2022_photo3-20220622-111457.jpg","10","Dwarf Shrub Heath","12","Bog","./data/CS_Xplots_2019_2023_test","12","0.9905197620391846","10","0.007904164493083954","8","0.0011173643870279193"
"ATT1173_1214XX5_photo4-20190910-114006.jpg","8","Acid Grassland","11","Fen, Marsh, Swamp","./data/CS_Xplots_2019_2023_test","11","0.6038168668746948","12","0.2696100175380707","6","0.048916954547166824"
"ATT179_380XX5_2022_photo3-20220512-124136.jpg","10","Dwarf Shrub Heath","12","Bog","./data/CS_Xplots_2019_2023_test","12","0.783977746963501","10","0.2150273621082306","8","0.0008012732141651213"
"ATT559_906XX2_2023_photo1-20230523-151947.jpg","8","Acid Grassland","9","Bracken","./data/CS_Xplots_2019_2023_test","9","0.9224168062210083","8","0.07620396465063095","11","0.0011953780194744468"
"ATT25_889X7_2021_photo1-20210505-120740.jpg","2","Coniferous Woodland","12","Bog","./data/CS_Xplots_2019_2023_test","12","0.7100257873535156","2","0.289535254240036","11","0.0002672190312296152"
"ATT561_906XX2_2023_photo3-20230523-152117.jpg","8","Acid Grassland","9","Bracken","./data/CS_Xplots_2019_2023_test","9","0.8989980816841125","8","0.09892511367797852","10","0.0012747719883918762"
"ATT429_84XX3_2022_photo1-20220523-153554.jpg","6","Neutral Grassland","5","Improved Grassland","./data/CS_Xplots_2019_2023_test","5","0.9849344491958618","6","0.012244059704244137","7","0.0026810504496097565"
"ATT48_921X1_2021_photo1-20210511-141812.jpg","10","Dwarf Shrub Heath","12","Bog","./data/CS_Xplots_2019_2023_test","12","0.8580688238143921","8","0.10559757053852081","10","0.03335035592317581"
"ATT3405_998XX5_2023_photo1-20230911-161835.jpg","9","Bracken","10","Dwarf Shrub Heath","./data/CS_Xplots_2019_2023_test","10","0.9950253367424011","9","0.003064515069127083","8","0.0018338467925786972"
"ATT187_970XX4_2021_photo2-20210524-123845.jpg","6","Neutral Grassland","5","Improved Grassland","./data/CS_Xplots_2019_2023_test","5","0.9939384460449219","8","0.002788092941045761","0","0.0020639593712985516"
"ATT87_644XX3_2020_photo2-20200810-101230.jpg","6","Neutral Grassland","11","Fen, Marsh, Swamp","./data/CS_Xplots_2019_2023_test","11","0.630627453327179","6","0.3609073758125305","16","0.004021361470222473"
"ATT581_661XX5_photo1-20190710-131225.jpg","6","Neutral Grassland","5","Improved Grassland","./data/CS_Xplots_2019_2023_test","5","0.993294894695282","6","0.0034759030677378178","7","0.0026185698807239532"
"ATT532_457X5_2021_photo1-20210621-132552.jpg","6","Neutral Grassland","5","Improved Grassland","./data/CS_Xplots_2019_2023_test","5","0.6095383167266846","6","0.24765273928642273","11","0.06677074730396271"
"ATT1817_953XX3_2023_photo2-20230630-103148.jpg","11","Fen, Marsh, Swamp","8","Acid Grassland","./data/CS_Xplots_2019_2023_test","8","0.8866692185401917","10","0.10748662799596786","9","0.0024182714987546206"
"ATT663_1125X4_2022_photo3-20220628-111558.jpg","17","Inland Rock","10","Dwarf Shrub Heath","./data/CS_Xplots_2019_2023_test","10","0.666746199131012","17","0.3272736668586731","18","0.004109127912670374"
"ATT1354_1041X3_2019_IMG_2240.jpg","12","Bog","10","Dwarf Shrub Heath","./data/CS_Xplots_2019_2023_test","10","0.9506605863571167","12","0.04899102821946144","8","0.0001525723928352818"
"ATT1183_1214XX1_photo2-20190909-091843.jpg","8","Acid Grassland","12","Bog","./data/CS_Xplots_2019_2023_test","12","0.9212689399719238","8","0.06690020859241486","10","0.005792731419205666"
"ATT560_906XX2_2023_photo2-20230523-152016.jpg","8","Acid Grassland","11","Fen, Marsh, Swamp","./data/CS_Xplots_2019_2023_test","11","0.7184083461761475","8","0.2809332609176636","12","0.0003189171839039773"
"ATT588_844X1_2021_photo2-20210630-135532.jpg","10","Dwarf Shrub Heath","12","Bog","./data/CS_Xplots_2019_2023_test","12","0.9755861759185791","10","0.024148130789399147","11","0.00023903651162981987"
"ATT1020_734XX2_2022_photo2-20220816-102045fromSW.jpg","9","Bracken","8","Acid Grassland","./data/CS_Xplots_2019_2023_test","8","0.5417392253875732","9","0.4063871502876282","10","0.04847750812768936"
"ATT2219_1113XX1_2023_photo1-20230720-143412.jpg","2","Coniferous Woodland","10","Dwarf Shrub Heath","./data/CS_Xplots_2019_2023_test","10","0.976926863193512","2","0.02134903334081173","12","0.0007093996973708272"
"ATT157_968XX3_2021_photo3-20210517-120937.jpg","12","Bog","8","Acid Grassland","./data/CS_Xplots_2019_2023_test","8","0.9993433356285095","10","0.00036697808536700904","12","0.00012730446178466082"
"ATT396_93XX4_2022_photo2-20220516-162559.jpg","6","Neutral Grassland","12","Bog","./data/CS_Xplots_2019_2023_test","12","0.5403603911399841","6","0.3008568286895752","11","0.0995798334479332"
"ATT2030_1012XX1_2023_photo3-20230706-110937.jpg","15","Montane","10","Dwarf Shrub Heath","./data/CS_Xplots_2019_2023_test","10","0.9279724955558777","8","0.04526803269982338","12","0.012589603662490845"
"ATT226_1259XX1_2021_photo2-20210519-124045.jpg","8","Acid Grassland","10","Dwarf Shrub Heath","./data/CS_Xplots_2019_2023_test","10","0.7901939153671265","8","0.14603030681610107","17","0.0362725630402565"
"ATT566_1253XX3_2022_photo4-20220616-104700.jpg","5","Improved Grassland","6","Neutral Grassland","./data/CS_Xplots_2019_2023_test","6","0.61627596616745","5","0.38338276743888855","7","0.0002154770481865853"
"ATT202_464X3_2020_photo2-20200821-083721.jpg","6","Neutral Grassland","5","Improved Grassland","./data/CS_Xplots_2019_2023_test","5","0.5163417458534241","6","0.48287785053253174","4","0.0006663436652161181"
"ATT283_125X1_photo2-20190610-131501.jpg","5","Improved Grassland","6","Neutral Grassland","./data/CS_Xplots_2019_2023_test","6","0.9926171898841858","5","0.0069305626675486565","7","0.00043014230323024094"
"ATT878_931X5_photo1-20190806-074737.jpg","8","Acid Grassland","6","Neutral Grassland","./data/CS_Xplots_2019_2023_test","6","0.9337258338928223","8","0.03863802179694176","7","0.014325739815831184"
"ATT1080_770X5_2023_photo3-20230523-132911.jpg","1","Broadleaved Mixed and Yew Woodland","2","Coniferous Woodland","./data/CS_Xplots_2019_2023_test","2","0.762257993221283","8","0.2091224640607834","11","0.014967616647481918"
"ATT1323_1054XX3_2022_photo1-20220925-133359.jpg","11","Fen, Marsh, Swamp","8","Acid Grassland","./data/CS_Xplots_2019_2023_test","8","0.9998096823692322","10","0.0000678329961374402","11","0.00005610793232335709"
"ATT144_475X1_2021_photo3-20210512-111233.jpg","4","Arable and Horticulture","9","Bracken","./data/CS_Xplots_2019_2023_test","9","0.9985750913619995","2","0.00048374608741141856","5","0.0004305173933971673"
"ATT2528_930X4_2023_photo1-20230808-133057.jpg","11","Fen, Marsh, Swamp","12","Bog","./data/CS_Xplots_2019_2023_test","12","0.869046688079834","10","0.10309044271707535","11","0.022578513249754906"
"ATT389_570XX1_2020_photo3-20200907-091448.jpg","0","Urban","9","Bracken","./data/CS_Xplots_2019_2023_test","9","0.7725021243095398","10","0.13442379236221313","8","0.03719272091984749"
"ATT3017_1102X3_2023_photo2-20230816-094248.jpg","5","Improved Grassland","4","Arable and Horticulture","./data/CS_Xplots_2019_2023_test","4","0.9552633762359619","5","0.039353519678115845","6","0.005199315957725048"
"ATT3044_994XX3_2023_photo3-20230824-115137.jpg","12","Bog","10","Dwarf Shrub Heath","./data/CS_Xplots_2019_2023_test","10","0.8439653515815735","11","0.12071588635444641","12","0.02783684991300106"
"ATT251_384X5_2020_photo1-20200813-111832.jpg","2","Coniferous Woodland","1","Broadleaved Mixed and Yew Woodland","./data/CS_Xplots_2019_2023_test","1","0.9823043346405029","2","0.017695173621177673","4","2.3051040898280917e-7"
"ATT143_475X1_2021_photo2-20210512-111148.jpg","4","Arable and Horticulture","9","Bracken","./data/CS_Xplots_2019_2023_test","9","0.9995794892311096","2","0.00011955368972849101","8","0.00010985972039634362"
"ATT473_809X4_2020_photo2-20200921-161833.jpg","1","Broadleaved Mixed and Yew Woodland","8","Acid Grassland","./data/CS_Xplots_2019_2023_test","8","0.8216056823730469","10","0.09038107097148895","11","0.034332096576690674"
"ATT3009_279XX3_2023_photo1-20230822-114051.jpg","6","Neutral Grassland","4","Arable and Horticulture","./data/CS_Xplots_2019_2023_test","4","0.8577405214309692","5","0.1006404459476471","0","0.036442097276449203"
"ATT1170_887X1_2021_photo1-20211125-115658.jpg","12","Bog","11","Fen, Marsh, Swamp","./data/CS_Xplots_2019_2023_test","11","0.9547715187072754","8","0.04052497819066048","9","0.0013406526995822787"
"ATT658_347XX1_2023_photo3-20230511-085428.jpg","11","Fen, Marsh, Swamp","6","Neutral Grassland","./data/CS_Xplots_2019_2023_test","6","0.9469115734100342","5","0.04436935856938362","11","0.00715066259726882"
"ATT1196_546XX6_photo2_2019.jpg","5","Improved Grassland","6","Neutral Grassland","./data/CS_Xplots_2019_2023_test","6","0.9985523819923401","5","0.0014198200078681111","8","0.000021344978449633345"
"ATT932_146XX1_2023_photo1-20230515-131012.jpg","6","Neutral Grassland","5","Improved Grassland","./data/CS_Xplots_2019_2023_test","5","0.9895394444465637","6","0.009349847212433815","7","0.001098231179639697"
"ATT442_910XX6_photo1-20190625-115156.jpg","5","Improved Grassland","6","Neutral Grassland","./data/CS_Xplots_2019_2023_test","6","0.99076908826828","5","0.007346350699663162","11","0.0009851888753473759"
"ATT348_1118X2_2021_photo1-20210605-100657.jpg","9","Bracken","5","Improved Grassland","./data/CS_Xplots_2019_2023_test","5","0.9451953768730164","8","0.048348862677812576","6","0.0024635549634695053"
"ATT324_255XX1_2022_photo1-20220608-092900.jpg","5","Improved Grassland","6","Neutral Grassland","./data/CS_Xplots_2019_2023_test","6","0.9998114705085754","5","0.00010959227802231908","11","0.000045330289140110835"
"ATT795_131XX4_2022_photo2-20220707-123620.jpg","7","Calcareous Grassland","6","Neutral Grassland","./data/CS_Xplots_2019_2023_test","6","0.9987853169441223","8","0.0007722346927039325","7","0.0003378299006726593"
"ATT570_300XX2_photo2-20190709-113116.jpg","5","Improved Grassland","6","Neutral Grassland","./data/CS_Xplots_2019_2023_test","6","0.7601991891860962","5","0.21754267811775208","1","0.010527038015425205"
"ATT1219_853X5_2021_photo2-20211127-140205.jpg","12","Bog","10","Dwarf Shrub Heath","./data/CS_Xplots_2019_2023_test","10","0.6619720458984375","12","0.2515074908733368","8","0.028889300301671028"
"ATT3320_1060X3_2023_photo1-20230907-090335.jpg","5","Improved Grassland","6","Neutral Grassland","./data/CS_Xplots_2019_2023_test","6","0.3540823757648468","4","0.340132474899292","5","0.30183103680610657"
"ATT712_231XX3_photo2_2019.jpg","11","Fen, Marsh, Swamp","6","Neutral Grassland","./data/CS_Xplots_2019_2023_test","6","0.997102677822113","8","0.001604747143574059","7","0.000786374497693032"
"ATT2843_1216X2_2023_photo1-20230801-124532.jpg","1","Broadleaved Mixed and Yew Woodland","2","Coniferous Woodland","./data/CS_Xplots_2019_2023_test","2","0.8803245425224304","1","0.11967270821332932","12","0.000001514729547125171"
"ATT947_145XX3_2023_photo1-20230516-132616.jpg","6","Neutral Grassland","5","Improved Grassland","./data/CS_Xplots_2019_2023_test","5","0.9925631880760193","6","0.007342190016061068","7","0.00007729100616415963"
"ATT799_796X3_photo1-20190818-154701.jpg","6","Neutral Grassland","5","Improved Grassland","./data/CS_Xplots_2019_2023_test","5","0.8914922475814819","11","0.07543463259935379","6","0.01644524745643139"
"ATT1258_489XX3_2023_photo2-20230601-101000.jpg","8","Acid Grassland","13","Littoral Rock","./data/CS_Xplots_2019_2023_test","13","0.4052497446537018","17","0.21085070073604584","10","0.14351041615009308"
"ATT2514_1152X5_2023_photo1-20230805-150628.jpg","12","Bog","10","Dwarf Shrub Heath","./data/CS_Xplots_2019_2023_test","10","0.9527871608734131","17","0.03804691880941391","8","0.004778033588081598"
"ATT251_15X4_photo2-20190603-143325.jpg","6","Neutral Grassland","7","Calcareous Grassland","./data/CS_Xplots_2019_2023_test","7","0.5002715587615967","6","0.48570457100868225","8","0.012337391264736652"
"ATT600_234XX3_2022_photo1-20220622-085443.jpg","5","Improved Grassland","4","Arable and Horticulture","./data/CS_Xplots_2019_2023_test","4","0.9931491017341614","5","0.006687036249786615","6","0.00014061616093385965"
"ATT520_705XX4_2020_photo1-20200917-141119.jpg","11","Fen, Marsh, Swamp","8","Acid Grassland","./data/CS_Xplots_2019_2023_test","8","0.9641104936599731","11","0.03332974761724472","12","0.001699130516499281"
"ATT1171_887X1_2021_photo2-20211125-115854.jpg","12","Bog","8","Acid Grassland","./data/CS_Xplots_2019_2023_test","8","0.539951741695404","10","0.401274174451828","12","0.04378894716501236"
"ATT1040_758XX1_2021_photo2-20210909-131322.jpg","12","Bog","10","Dwarf Shrub Heath","./data/CS_Xplots_2019_2023_test","10","0.9627091884613037","12","0.036596450954675674","8","0.0006608577677980065"
"ATT197_1048X4_2021_photo3-20210526-124138.jpg","12","Bog","9","Bracken","./data/CS_Xplots_2019_2023_test","9","0.5043632388114929","8","0.3770192563533783","10","0.09566856175661087"
"ATT564_1253XX3_2022_photo2-20220616-104537.jpg","5","Improved Grassland","6","Neutral Grassland","./data/CS_Xplots_2019_2023_test","6","0.9999083280563354","5","0.00005402275201049633","11","0.00001884244557004422"
"ATT753_743X2_photo3-20190805-102813.jpg","5","Improved Grassland","4","Arable and Horticulture","./data/CS_Xplots_2019_2023_test","4","0.8521220088005066","5","0.14043471217155457","6","0.0054663922637701035"
"ATT565_1253XX3_2022_photo3-20220616-104618.jpg","5","Improved Grassland","6","Neutral Grassland","./data/CS_Xplots_2019_2023_test","6","0.7499229311943054","5","0.24896280467510223","7","0.0010410004761070013"
"ATT1205_569X4_photo3-20190910-130708.jpg","5","Improved Grassland","6","Neutral Grassland","./data/CS_Xplots_2019_2023_test","6","0.9471762776374817","5","0.05229225754737854","8","0.0003273607580922544"
"ATT155_968XX3_2021_photo1-20210517-120838.jpg","12","Bog","8","Acid Grassland","./data/CS_Xplots_2019_2023_test","8","0.5154743790626526","12","0.4470846652984619","10","0.03679348900914192"
"ATT199_1240XX5_2022_photo2-20220518-092703.jpg","11","Fen, Marsh, Swamp","14","Littoral Sediment","./data/CS_Xplots_2019_2023_test","14","0.9903936982154846","11","0.009050746448338032","16","0.00022367105702869594"
"ATT373_161X5_2020_photo2-20200824-112812.jpg","8","Acid Grassland","5","Improved Grassland","./data/CS_Xplots_2019_2023_test","5","0.9131248593330383","6","0.08000446856021881","7","0.006669118069112301"
"ATT794_131XX4_2022_photo1-20220707-123550.jpg","7","Calcareous Grassland","6","Neutral Grassland","./data/CS_Xplots_2019_2023_test","6","0.7550992965698242","7","0.2176864743232727","8","0.01650499925017357"
"ATT328_354X1_2020_photo3-20200901-092622.jpg","1","Broadleaved Mixed and Yew Woodland","5","Improved Grassland","./data/CS_Xplots_2019_2023_test","5","0.5814403295516968","6","0.4151148200035095","8","0.0018409078475087881"
"ATT1038_776XX1_photo2-20190828-111615.jpg","12","Bog","8","Acid Grassland","./data/CS_Xplots_2019_2023_test","8","0.8958667516708374","12","0.09411502629518509","11","0.005596740636974573"
"ATT196_1048X4_2021_photo2-20210526-124057.jpg","12","Bog","9","Bracken","./data/CS_Xplots_2019_2023_test","9","0.6551986336708069","8","0.3247089684009552","10","0.019328562542796135"
"ATT335_101XX3_photo1-20190612-094339.jpg","11","Fen, Marsh, Swamp","6","Neutral Grassland","./data/CS_Xplots_2019_2023_test","6","0.9885125160217285","5","0.011393138207495213","7","0.0000776651140768081"
"ATT914_1041X4_photo2_2019.jpg","12","Bog","10","Dwarf Shrub Heath","./data/CS_Xplots_2019_2023_test","10","0.9914339780807495","12","0.008497629314661026","8","0.000037925256037851796"
"ATT167_952XX3_2021_photo3-20210519-075453.jpg","12","Bog","10","Dwarf Shrub Heath","./data/CS_Xplots_2019_2023_test","10","0.49390867352485657","12","0.4412396550178528","8","0.050850074738264084"
"ATT2383_1181XX2_2023_photo1-20230802-101824.jpg","8","Acid Grassland","10","Dwarf Shrub Heath","./data/CS_Xplots_2019_2023_test","10","0.5430376529693604","9","0.33102601766586304","8","0.09126642346382141"
"ATT1076_701X4_photo2-20190823-133511.jpg","5","Improved Grassland","4","Arable and Horticulture","./data/CS_Xplots_2019_2023_test","4","0.9825485944747925","5","0.01720346137881279","6","0.00022061890922486782"
"ATT711_589X5_2021_photo1-20210706-111753.jpg","5","Improved Grassland","6","Neutral Grassland","./data/CS_Xplots_2019_2023_test","6","0.5523194074630737","5","0.41932377219200134","7","0.026606768369674683"
"ATT281_1215XX3_2020_photo4-20200824-143820.jpg","17","Inland Rock","8","Acid Grassland","./data/CS_Xplots_2019_2023_test","8","0.6025537252426147","17","0.21659116446971893","10","0.0720231682062149"
"ATT349_1118X2_2021_photo2-20210605-100725.jpg","9","Bracken","8","Acid Grassland","./data/CS_Xplots_2019_2023_test","8","0.8200216889381409","10","0.14439883828163147","9","0.030371475964784622"
"ATT503_179X3_2021_photo1-20210621-113204.jpg","6","Neutral Grassland","5","Improved Grassland","./data/CS_Xplots_2019_2023_test","5","0.8905560374259949","6","0.10873162001371384","7","0.0003701349487528205"
"ATT1367_991XX4_2023_photo2-20230614-111653.jpg","10","Dwarf Shrub Heath","8","Acid Grassland","./data/CS_Xplots_2019_2023_test","8","0.9691833853721619","11","0.02259879559278488","10","0.005778489168733358"
"ATT222_492XX5_2021_photo2-20210518-125145.jpg","6","Neutral Grassland","1","Broadleaved Mixed and Yew Woodland","./data/CS_Xplots_2019_2023_test","1","0.6244009137153625","2","0.370573490858078","10","0.002593641635030508"
"ATT1185_1214XX1_photo4-20190909-091920.jpg","8","Acid Grassland","12","Bog","./data/CS_Xplots_2019_2023_test","12","0.690575361251831","8","0.28071877360343933","10","0.015143584460020065"
"ATT3038_1035X4_2023_photo3-20230823-145815.jpg","1","Broadleaved Mixed and Yew Woodland","10","Dwarf Shrub Heath","./data/CS_Xplots_2019_2023_test","10","0.9692473411560059","9","0.017880447208881378","8","0.012539392337203026"
"ATT653_1148X1_2022_photo1-20220627-122227.jpg","8","Acid Grassland","12","Bog","./data/CS_Xplots_2019_2023_test","12","0.9996395111083984","10","0.0003113572020083666","18","0.00001910827813844662"
"ATT1162_761XX2_2022_photo2-20220817-112307.jpg","6","Neutral Grassland","5","Improved Grassland","./data/CS_Xplots_2019_2023_test","5","0.992483913898468","6","0.007425169926136732","7","0.00007318144344026223"
"ATT105_966X2_2022_photo1-20220517-120200.jpg","12","Bog","8","Acid Grassland","./data/CS_Xplots_2019_2023_test","8","0.7967601418495178","11","0.10077549517154694","12","0.09964627027511597"
"ATT443_910XX6_photo2-20190625-115217.jpg","5","Improved Grassland","6","Neutral Grassland","./data/CS_Xplots_2019_2023_test","6","0.9518690705299377","5","0.0471574142575264","7","0.0004546156560536474"
"ATT2529_930X4_2023_photo2-20230808-133111.jpg","11","Fen, Marsh, Swamp","12","Bog","./data/CS_Xplots_2019_2023_test","12","0.9717498421669006","11","0.028047941625118256","10","0.0001499795471318066"
"ATT63_741XX3_2020_photo1-20200810-122155.jpg","11","Fen, Marsh, Swamp","6","Neutral Grassland","./data/CS_Xplots_2019_2023_test","6","0.5939561128616333","4","0.22104386985301971","1","0.15397918224334717"
"ATT509_10XX5_2023_photo4-20230522-115120.jpg","6","Neutral Grassland","9","Bracken","./data/CS_Xplots_2019_2023_test","9","0.6294760704040527","7","0.23998793959617615","3","0.050678007304668427"
"ATT501_955X4_photo2-20190619-105717.jpg","11","Fen, Marsh, Swamp","12","Bog","./data/CS_Xplots_2019_2023_test","12","0.9340768456459045","10","0.0432952418923378","11","0.014136997051537037"
"ATT582_661XX5_photo2-20190710-131249.jpg","6","Neutral Grassland","5","Improved Grassland","./data/CS_Xplots_2019_2023_test","5","0.982161283493042","6","0.010496222414076328","7","0.005426430609077215"
"ATT252_384X5_2020_photo2-20200813-111900.jpg","2","Coniferous Woodland","1","Broadleaved Mixed and Yew Woodland","./data/CS_Xplots_2019_2023_test","1","0.8659986257553101","2","0.13400045037269592","4","2.9694552949877107e-7"
"ATT1039_758XX1_2021_photo1-20210909-131256.jpg","12","Bog","10","Dwarf Shrub Heath","./data/CS_Xplots_2019_2023_test","10","0.9719756841659546","12","0.023785453289747238","8","0.004195115994662046"
"ATT657_347XX1_2023_photo2-20230511-085359.jpg","11","Fen, Marsh, Swamp","6","Neutral Grassland","./data/CS_Xplots_2019_2023_test","6","0.9914402961730957","11","0.007851476781070232","5","0.000472799118142575"
"ATT680_263XX2_2021_photo2-20210705-112719.jpg","9","Bracken","8","Acid Grassland","./data/CS_Xplots_2019_2023_test","8","0.6573578715324402","9","0.3350418508052826","6","0.0035359046887606382"
"ATT3094_775XX2_2023_photo2-20230822-120320.jpg","6","Neutral Grassland","8","Acid Grassland","./data/CS_Xplots_2019_2023_test","8","0.946397602558136","6","0.027339881286025047","11","0.01957746595144272"
"ATT40_921X5_2021_photo1-20210512-114053.jpg","2","Coniferous Woodland","8","Acid Grassland","./data/CS_Xplots_2019_2023_test","8","0.41825130581855774","11","0.376291424036026","2","0.15154170989990234"
"ATT895_751X1_photo1-20190821-135816.jpg","6","Neutral Grassland","5","Improved Grassland","./data/CS_Xplots_2019_2023_test","5","0.8558976054191589","6","0.1387401819229126","8","0.0036746524274349213"
"ATT3104_1012XX3_2023_photo2-20230828-113451.jpg","17","Inland Rock","10","Dwarf Shrub Heath","./data/CS_Xplots_2019_2023_test","10","0.5292736887931824","15","0.30856603384017944","17","0.08790604770183563"
"ATT269_409X5_2020_photo4-20200818-144502.jpg","9","Bracken","8","Acid Grassland","./data/CS_Xplots_2019_2023_test","8","0.9679153561592102","9","0.02604570984840393","6","0.005591354798525572"
"ATT3610_810XX4_2023_photo3-20230919-141416.jpg","5","Improved Grassland","8","Acid Grassland","./data/CS_Xplots_2019_2023_test","8","0.6471338272094727","5","0.23901334404945374","6","0.10411650687456131"
"ATT907_782X3_2021_photo2-20210817-114907.jpg","2","Coniferous Woodland","1","Broadleaved Mixed and Yew Woodland","./data/CS_Xplots_2019_2023_test","1","0.9954788088798523","2","0.004481850657612085","8","0.000020348581529106013"
"ATT2321_1131X1_2023_photo4-20230727-094047.jpg","10","Dwarf Shrub Heath","12","Bog","./data/CS_Xplots_2019_2023_test","12","0.9957290291786194","10","0.0030268526170402765","11","0.0011676291469484568"
"ATT3373_1063XX1_2023_photo3-20230907-102137.jpg","17","Inland Rock","10","Dwarf Shrub Heath","./data/CS_Xplots_2019_2023_test","10","0.9990800619125366","17","0.0005486535956151783","8","0.00014845290570519865"
"ATT3407_998XX5_2023_photo3-20230911-161920.jpg","9","Bracken","10","Dwarf Shrub Heath","./data/CS_Xplots_2019_2023_test","10","0.773961067199707","8","0.19179968535900116","9","0.023742137476801872"
"ATT428_461XX1_2021_photo1-20210603-113333.jpg","8","Acid Grassland","6","Neutral Grassland","./data/CS_Xplots_2019_2023_test","6","0.909904420375824","8","0.07876920700073242","11","0.011256551370024681"
"ATT749_743X5_photo4-20190805-114334.jpg","5","Improved Grassland","6","Neutral Grassland","./data/CS_Xplots_2019_2023_test","6","0.5003775358200073","5","0.49124810099601746","8","0.005082965362817049"
"ATT623_1138XX5_2022_photo1-20220622-142907.jpg","6","Neutral Grassland","8","Acid Grassland","./data/CS_Xplots_2019_2023_test","8","0.37708601355552673","11","0.37270739674568176","6","0.11753880977630615"
"ATT3103_1012XX3_2023_photo1-20230828-113408.jpg","17","Inland Rock","15","Montane","./data/CS_Xplots_2019_2023_test","15","0.6313713192939758","17","0.23325209319591522","10","0.12384534627199173"
"ATT553_209XX3_2021_photo4-20210624-100730_verystony.jpg","5","Improved Grassland","11","Fen, Marsh, Swamp","./data/CS_Xplots_2019_2023_test","11","0.3579961061477661","8","0.3253597915172577","5","0.1400301307439804"
"ATT127_1146XX1_2022_photo2-20220521-130126.jpg","10","Dwarf Shrub Heath","12","Bog","./data/CS_Xplots_2019_2023_test","12","0.6434130072593689","10","0.3531965911388397","8","0.0032430128194391727"
"ATT962_1272XX1_2021_photo1-20210819-132500.jpg","6","Neutral Grassland","8","Acid Grassland","./data/CS_Xplots_2019_2023_test","8","0.9997715353965759","10","0.0001046787656378001","7","0.000025437813746975735"
"ATT425_84XX4_2022_sp_photo5-20220523-132144.jpg","6","Neutral Grassland","5","Improved Grassland","./data/CS_Xplots_2019_2023_test","5","0.9954642653465271","4","0.003999174106866121","0","0.00035704096080735326"
"ATT141_564XX5_2022_photo3-20220505-091130.jpg","5","Improved Grassland","6","Neutral Grassland","./data/CS_Xplots_2019_2023_test","6","0.8695911169052124","5","0.13034410774707794","7","0.00004930753857479431"
"ATT221_492XX5_2021_photo1-20210518-125046.jpg","6","Neutral Grassland","2","Coniferous Woodland","./data/CS_Xplots_2019_2023_test","2","0.9637308120727539","8","0.020971888676285744","12","0.005225665867328644"
"ATT1197_569X5_photo1-20190910-120650.jpg","5","Improved Grassland","6","Neutral Grassland","./data/CS_Xplots_2019_2023_test","6","0.9336305856704712","5","0.06585655361413956","8","0.00029582501156255603"
"ATT2230_43X4_2023_photo1-20230718-113705.jpg","5","Improved Grassland","6","Neutral Grassland","./data/CS_Xplots_2019_2023_test","6","0.9095274209976196","7","0.05132680758833885","5","0.03730086609721184"
"ATT938_1084X3_photo2-20190718-130838.jpg","6","Neutral Grassland","11","Fen, Marsh, Swamp","./data/CS_Xplots_2019_2023_test","11","0.674296498298645","8","0.22753916680812836","12","0.09279260039329529"
"ATT2231_43X4_2023_photo2-20230718-113724.jpg","5","Improved Grassland","6","Neutral Grassland","./data/CS_Xplots_2019_2023_test","6","0.9009628891944885","7","0.08616653084754944","5","0.007337675895541906"
"ATT29_241XX1_2020_photo2-20200803-105941.jpg","0","Urban","4","Arable and Horticulture","./data/CS_Xplots_2019_2023_test","4","0.9244067668914795","5","0.06868178397417068","0","0.006546590942889452"
"ATT147_270X5_2020_photo2-20200811-134238.jpg","5","Improved Grassland","1","Broadleaved Mixed and Yew Woodland","./data/CS_Xplots_2019_2023_test","1","0.9436668753623962","4","0.03412347286939621","6","0.01831866428256035"
"ATT1226_414X2_photo2-20190917-133528.jpg","6","Neutral Grassland","5","Improved Grassland","./data/CS_Xplots_2019_2023_test","5","0.7715955972671509","6","0.22047913074493408","8","0.00561539875343442"
"ATT3371_1063XX1_2023_photo1-20230907-102008.jpg","17","Inland Rock","10","Dwarf Shrub Heath","./data/CS_Xplots_2019_2023_test","10","0.9788970351219177","12","0.020890425890684128","8","0.00007880914199631661"
"ATT1054_735XX1_photo3-20190827-130305.jpg","6","Neutral Grassland","5","Improved Grassland","./data/CS_Xplots_2019_2023_test","5","0.4305940568447113","8","0.31792980432510376","6","0.2426236867904663"
"ATT3303_1064X1_2023_photo1-20230906-083954.jpg","12","Bog","10","Dwarf Shrub Heath","./data/CS_Xplots_2019_2023_test","10","0.9497029185295105","12","0.04928899183869362","8","0.0005396445048972964"
"ATT1022_734XX1_2022_photo2-20220816-125520.jpg","8","Acid Grassland","12","Bog","./data/CS_Xplots_2019_2023_test","12","0.8376163244247437","8","0.08684894442558289","10","0.07424922287464142"
"ATT2481_147XX4_2023_photo2-20230809-092516.jpg","5","Improved Grassland","4","Arable and Horticulture","./data/CS_Xplots_2019_2023_test","4","0.8681386709213257","5","0.13047271966934204","6","0.001176074962131679"
"ATT430_84XX3_2022_photo2-20220523-153630.jpg","6","Neutral Grassland","5","Improved Grassland","./data/CS_Xplots_2019_2023_test","5","0.988561749458313","6","0.0060089933685958385","7","0.0052644433453679085"
"ATT326_255XX1_2022_photo3-20220608-093045.jpg","5","Improved Grassland","6","Neutral Grassland","./data/CS_Xplots_2019_2023_test","6","0.9963636994361877","8","0.0023684133775532246","11","0.0007419121684506536"
"ATT683_1115X5_2022_photo3-20220630-130926.jpg","12","Bog","10","Dwarf Shrub Heath","./data/CS_Xplots_2019_2023_test","10","0.7537915110588074","8","0.19892127811908722","12","0.04580008238554001"
"ATT125_199XX4_2023_photo1-20230504-113918.jpg","10","Dwarf Shrub Heath","9","Bracken","./data/CS_Xplots_2019_2023_test","9","0.6667811870574951","1","0.15935328602790833","10","0.07593774795532227"
"ATT326_354X1_2020_photo1-20200901-092522.jpg","1","Broadleaved Mixed and Yew Woodland","5","Improved Grassland","./data/CS_Xplots_2019_2023_test","5","0.5972108244895935","6","0.3562471568584442","1","0.03060665726661682"
"ATT1339_974X4_2023_photo3-20230612-112335.jpg","8","Acid Grassland","10","Dwarf Shrub Heath","./data/CS_Xplots_2019_2023_test","10","0.8238831758499146","8","0.14478787779808044","11","0.021878845989704132"
"ATT2232_43X4_2023_photo3-20230718-113749.jpg","5","Improved Grassland","6","Neutral Grassland","./data/CS_Xplots_2019_2023_test","6","0.4039970636367798","5","0.3625974953174591","7","0.21602122485637665"
"ATT435_87XX1_2022_photo3-20220524-144359.jpg","7","Calcareous Grassland","5","Improved Grassland","./data/CS_Xplots_2019_2023_test","5","0.8521307706832886","4","0.10383255779743195","7","0.040182653814554214"
"ATT1179_40XX3_2023_photo1-20230608-133033.jpg","5","Improved Grassland","6","Neutral Grassland","./data/CS_Xplots_2019_2023_test","6","0.7509852647781372","5","0.18410144746303558","4","0.04370597377419472"
"ATT1087_204XX3_2021_photo2-20210907-092151.jpg","5","Improved Grassland","6","Neutral Grassland","./data/CS_Xplots_2019_2023_test","6","0.7059949040412903","5","0.29344654083251953","7","0.0004628817259799689"
"ATT2480_147XX4_2023_photo1-20230809-092444.jpg","5","Improved Grassland","4","Arable and Horticulture","./data/CS_Xplots_2019_2023_test","4","0.8196865320205688","5","0.1790853589773178","6","0.0008430121233686805"
"ATT560_296XX1_2020_photo2-20200903-111343.jpg","6","Neutral Grassland","1","Broadleaved Mixed and Yew Woodland","./data/CS_Xplots_2019_2023_test","1","0.991835355758667","2","0.006597545463591814","6","0.001302644144743681"
"ATT1356_1041X3_2019_IMG_2243.jpg","12","Bog","10","Dwarf Shrub Heath","./data/CS_Xplots_2019_2023_test","10","0.9449571967124939","12","0.054291628301143646","8","0.0006771241896785796"
"ATT325_255XX1_2022_photo2-20220608-093018.jpg","5","Improved Grassland","6","Neutral Grassland","./data/CS_Xplots_2019_2023_test","6","0.9993463158607483","5","0.0006173423607833683","7","0.000028149062927695923"
"ATT2052_1098XX3_2023_photo1-20230711-133546.jpg","1","Broadleaved Mixed and Yew Woodland","2","Coniferous Woodland","./data/CS_Xplots_2019_2023_test","2","0.8762253522872925","1","0.12377108633518219","0","5.696521157005918e-7"
"ATT1180_40XX3_2023_photo2-20230608-133045.jpg","5","Improved Grassland","6","Neutral Grassland","./data/CS_Xplots_2019_2023_test","6","0.9909404516220093","5","0.003924572840332985","8","0.0030532297678291798"
"ATT472_809X4_2020_photo1-20200921-161751.jpg","1","Broadleaved Mixed and Yew Woodland","10","Dwarf Shrub Heath","./data/CS_Xplots_2019_2023_test","10","0.49976682662963867","8","0.49456560611724854","2","0.001696679275482893"
"ATT758_1038X1_2021_photo1-20210723-105945.jpg","6","Neutral Grassland","5","Improved Grassland","./data/CS_Xplots_2019_2023_test","5","0.6558420658111572","6","0.19118118286132812","4","0.11512886732816696"
"ATT1337_974X4_2023_photo1-20230612-112206.jpg","8","Acid Grassland","10","Dwarf Shrub Heath","./data/CS_Xplots_2019_2023_test","10","0.9317681193351746","8","0.03695325180888176","11","0.024999387562274933"
"ATT3106_1012XX3_2023_photo4-20230828-115530.jpg","17","Inland Rock","10","Dwarf Shrub Heath","./data/CS_Xplots_2019_2023_test","10","0.9805436730384827","8","0.010164797306060791","15","0.004980325698852539"
"ATT421_84XX4_2022_sp_photo1-20220523-122331.jpg","6","Neutral Grassland","5","Improved Grassland","./data/CS_Xplots_2019_2023_test","5","0.8929365277290344","1","0.08122726529836655","4","0.01511896401643753"
"ATT1319_931X1_2019_IMG_3891.jpg","10","Dwarf Shrub Heath","8","Acid Grassland","./data/CS_Xplots_2019_2023_test","8","0.7535322308540344","17","0.11732665449380875","10","0.08341410011053085"
"ATT629_843X2_2021_photo3-20210707-103550.jpg","1","Broadleaved Mixed and Yew Woodland","5","Improved Grassland","./data/CS_Xplots_2019_2023_test","5","0.46245697140693665","6","0.4477420747280121","11","0.08698155730962753"
"ATT933_146XX1_2023_photo2-20230515-131036.jpg","6","Neutral Grassland","5","Improved Grassland","./data/CS_Xplots_2019_2023_test","5","0.9974045157432556","6","0.0024755189660936594","7","0.00008846159471431747"
"ATT1142_102XX3_2023_photo2-20230605-102721.jpg","6","Neutral Grassland","5","Improved Grassland","./data/CS_Xplots_2019_2023_test","5","0.9938556551933289","6","0.002930192742496729","7","0.0018094406696036458"
"ATT1016_769X2_2021_photo2-20210830-132845.jpg","8","Acid Grassland","6","Neutral Grassland","./data/CS_Xplots_2019_2023_test","6","0.933856725692749","8","0.055433303117752075","11","0.00475004268810153"
"ATT1005_642X2_2021_photo1-20210818-100713.jpg","11","Fen, Marsh, Swamp","6","Neutral Grassland","./data/CS_Xplots_2019_2023_test","6","0.8150594234466553","5","0.08304992318153381","19","0.060878124088048935"
"ATT601_573XX3_2021_photo1-20210629-140904.jpg","5","Improved Grassland","11","Fen, Marsh, Swamp","./data/CS_Xplots_2019_2023_test","11","0.6099164485931396","7","0.21337148547172546","6","0.12440793216228485"
"ATT49_921X1_2021_photo2-20210511-141905.jpg","10","Dwarf Shrub Heath","12","Bog","./data/CS_Xplots_2019_2023_test","12","0.941689133644104","8","0.030731994658708572","10","0.02408345602452755"
"ATT420_84XX4_2022_photo2-20220523-130235.jpg","6","Neutral Grassland","5","Improved Grassland","./data/CS_Xplots_2019_2023_test","5","0.9788211584091187","4","0.020874468609690666","7","0.00018471067596692592"
"ATT934_1084XX4_photo1-20190718-104931.jpg","6","Neutral Grassland","4","Arable and Horticulture","./data/CS_Xplots_2019_2023_test","4","0.960931122303009","5","0.015269002877175808","6","0.01291247271001339"
"ATT126_1146XX1_2022_photo1-20220521-130044.jpg","10","Dwarf Shrub Heath","12","Bog","./data/CS_Xplots_2019_2023_test","12","0.9858078956604004","10","0.006806910969316959","11","0.006194206420332193"
"ATT112_1092XX5_2022_photo1-20220518-143914.jpg","12","Bog","10","Dwarf Shrub Heath","./data/CS_Xplots_2019_2023_test","10","0.5649697184562683","12","0.4303928315639496","8","0.0044363378547132015"
"ATT654_1148X1_2022_photo2-20220627-122258.jpg","8","Acid Grassland","12","Bog","./data/CS_Xplots_2019_2023_test","12","0.7549892663955688","10","0.2388637512922287","15","0.0025185910053551197"
"ATT339_101XX5_photo1-20190612-144440.jpg","11","Fen, Marsh, Swamp","6","Neutral Grassland","./data/CS_Xplots_2019_2023_test","6","0.8899405598640442","1","0.10580079257488251","5","0.0034662827383726835"
"ATT1617_634X1_2023_photo4-20230620-141337.jpg","6","Neutral Grassland","5","Improved Grassland","./data/CS_Xplots_2019_2023_test","5","0.9657989144325256","6","0.03139135614037514","7","0.0023020152002573013"
"ATT3321_1060X3_2023_photo2-20230907-090357.jpg","5","Improved Grassland","4","Arable and Horticulture","./data/CS_Xplots_2019_2023_test","4","0.9943885207176208","2","0.0025837491266429424","5","0.0023937977384775877"
"ATT190_970XX3_2021_photo1-20210524-151553.jpg","6","Neutral Grassland","5","Improved Grassland","./data/CS_Xplots_2019_2023_test","5","0.983612596988678","8","0.011458531953394413","6","0.004215438850224018"
"ATT1218_853X5_2021_photo1-20211127-140158.jpg","12","Bog","4","Arable and Horticulture","./data/CS_Xplots_2019_2023_test","4","0.8029243350028992","12","0.07727091759443283","1","0.0440823957324028"
"ATT2902_1102X2_2023_photo1-20230815-095422.jpg","5","Improved Grassland","6","Neutral Grassland","./data/CS_Xplots_2019_2023_test","6","0.9834879040718079","8","0.00865319836884737","11","0.004403798375278711"
"ATT569_1248XX2_2022_photo1-20220617-085635.jpg","6","Neutral Grassland","4","Arable and Horticulture","./data/CS_Xplots_2019_2023_test","4","0.999790608882904","6","0.00010110288712894544","1","0.00009232653974322602"
"ATT120_689X4_2020_photo3-20200814-084027.jpg","8","Acid Grassland","10","Dwarf Shrub Heath","./data/CS_Xplots_2019_2023_test","10","0.8710901141166687","8","0.11729015409946442","12","0.009389384649693966"
"ATT449_861XX2_photo1-20190619-095416.jpg","6","Neutral Grassland","5","Improved Grassland","./data/CS_Xplots_2019_2023_test","5","0.5427907109260559","4","0.32872116565704346","6","0.12741364538669586"
"ATT2043_1012XX2_2023_photo3-20230706-162619.jpg","15","Montane","8","Acid Grassland","./data/CS_Xplots_2019_2023_test","8","0.39486297965049744","15","0.34248268604278564","10","0.22514475882053375"
"ATT2233_43X1_2023_photo1-20230718-125602.jpg","5","Improved Grassland","6","Neutral Grassland","./data/CS_Xplots_2019_2023_test","6","0.9779955148696899","7","0.018479211255908012","8","0.0024371366016566753"
"ATT387_570XX1_2020_photo1-20200907-091236.jpg","0","Urban","5","Improved Grassland","./data/CS_Xplots_2019_2023_test","5","0.9944668412208557","6","0.004788141697645187","0","0.0003133398713544011"
"ATT396_83XX2_photo3-20190624-134357.jpg","8","Acid Grassland","10","Dwarf Shrub Heath","./data/CS_Xplots_2019_2023_test","10","0.9974043965339661","12","0.0014816796174272895","8","0.0005765130626969039"
"ATT1336_1017X2_2022_photo1-20220928-100405.jpg","10","Dwarf Shrub Heath","2","Coniferous Woodland","./data/CS_Xplots_2019_2023_test","2","0.9773667454719543","1","0.020163707435131073","10","0.001980070024728775"
"ATT571_1248XX1_2022_photo1-20220617-093058.jpg","5","Improved Grassland","6","Neutral Grassland","./data/CS_Xplots_2019_2023_test","6","0.9735209345817566","5","0.026381928473711014","7","0.0000813134029158391"
"ATT434_461XX3_2021_photo2-20210603-143005.jpg","2","Coniferous Woodland","8","Acid Grassland","./data/CS_Xplots_2019_2023_test","8","0.9842600226402283","2","0.007136788684874773","12","0.0067877378314733505"
"ATT1417_130XX3_2023_photo1-20230615-090241.jpg","5","Improved Grassland","6","Neutral Grassland","./data/CS_Xplots_2019_2023_test","6","0.4893196225166321","5","0.4491024613380432","4","0.05293610319495201"
"ATT1077_701X4_photo3-20190823-133520.jpg","5","Improved Grassland","4","Arable and Horticulture","./data/CS_Xplots_2019_2023_test","4","0.9943610429763794","5","0.005565250758081675","6","0.0000573125907976646"
"ATT252_30X2_2023_photo2-20230511-145610.jpg","7","Calcareous Grassland","5","Improved Grassland","./data/CS_Xplots_2019_2023_test","5","0.8750939965248108","6","0.09029890596866608","4","0.02238600142300129"
"ATT957_1261XX5_2021_photo3-20210818-131922.jpg","11","Fen, Marsh, Swamp","8","Acid Grassland","./data/CS_Xplots_2019_2023_test","8","0.974969208240509","9","0.01672361232340336","6","0.007874530740082264"
"ATT675_260XX2_photo3_2019.jpg","10","Dwarf Shrub Heath","12","Bog","./data/CS_Xplots_2019_2023_test","12","0.8311522006988525","8","0.08682744950056076","10","0.07994069159030914"
"ATT280_1215XX3_2020_photo3-20200824-143902.jpg","17","Inland Rock","8","Acid Grassland","./data/CS_Xplots_2019_2023_test","8","0.4664667546749115","17","0.20917266607284546","6","0.16478659212589264"
"ATT502_955X4_photo3-20190619-110003.jpg","11","Fen, Marsh, Swamp","12","Bog","./data/CS_Xplots_2019_2023_test","12","0.9981533885002136","10","0.0010386762442067266","11","0.00047403734060935676"
"ATT757_743X4_photo3-20190805-124541.jpg","8","Acid Grassland","6","Neutral Grassland","./data/CS_Xplots_2019_2023_test","6","0.9006240963935852","5","0.08886111527681351","8","0.009462964721024036"
"ATT423_84XX4_2022_sp_photo3-20220523-131706.jpg","6","Neutral Grassland","5","Improved Grassland","./data/CS_Xplots_2019_2023_test","5","0.9969561100006104","4","0.0027677828911691904","6","0.00024557963479310274"
"ATT434_87XX1_2022_photo2-20220524-144334.jpg","7","Calcareous Grassland","4","Arable and Horticulture","./data/CS_Xplots_2019_2023_test","4","0.9945224523544312","5","0.005207308102399111","6","0.00015500190784223378"
"ATT617_1138XX2_2022_photo2-20220622-111446.jpg","10","Dwarf Shrub Heath","12","Bog","./data/CS_Xplots_2019_2023_test","12","0.9460272192955017","10","0.05371454730629921","8","0.0001425337977707386"
"ATT338_101XX3_photo4-20190612-094558.jpg","11","Fen, Marsh, Swamp","6","Neutral Grassland","./data/CS_Xplots_2019_2023_test","6","0.9986833930015564","5","0.0011283453786745667","7","0.0001024002704070881"
"ATT191_970XX3_2021_photo2-20210524-151619.jpg","6","Neutral Grassland","5","Improved Grassland","./data/CS_Xplots_2019_2023_test","5","0.9897871017456055","8","0.007227410562336445","6","0.0025165805127471685"
"ATT871_922XX3_2023_photo2-20230601-104437.jpg","8","Acid Grassland","10","Dwarf Shrub Heath","./data/CS_Xplots_2019_2023_test","10","0.9470688104629517","8","0.05232058838009834","15","0.0001882840588223189"
"ATT1340_974X4_2023_photo4-20230612-112404.jpg","8","Acid Grassland","10","Dwarf Shrub Heath","./data/CS_Xplots_2019_2023_test","10","0.7909303307533264","11","0.1075141578912735","8","0.09261628240346909"
"ATT433_87XX1_2022_photo1-20220524-144319.jpg","7","Calcareous Grassland","4","Arable and Horticulture","./data/CS_Xplots_2019_2023_test","4","0.4630345106124878","5","0.2991931438446045","7","0.23103421926498413"
"ATT813_68X2_photo2-20190813-110826.jpg","7","Calcareous Grassland","5","Improved Grassland","./data/CS_Xplots_2019_2023_test","5","0.9533905386924744","7","0.027033232152462006","8","0.012099456042051315"
"ATT2028_1012XX1_2023_photo1-20230706-110859.jpg","15","Montane","10","Dwarf Shrub Heath","./data/CS_Xplots_2019_2023_test","10","0.7984873056411743","15","0.19924353063106537","8","0.0010948171839118004"
"ATT3105_1012XX3_2023_photo3-20230828-113556.jpg","17","Inland Rock","10","Dwarf Shrub Heath","./data/CS_Xplots_2019_2023_test","10","0.8376312255859375","17","0.08262662589550018","15","0.0726848766207695"
"ATT507_179X6_2021_photo1-20210622-094640.jpg","6","Neutral Grassland","5","Improved Grassland","./data/CS_Xplots_2019_2023_test","5","0.6813997030258179","6","0.30536773800849915","4","0.00803723931312561"
"ATT1368_991XX4_2023_photo3-20230614-111714.jpg","10","Dwarf Shrub Heath","6","Neutral Grassland","./data/CS_Xplots_2019_2023_test","6","0.5495123267173767","11","0.44359979033470154","8","0.0032658842392265797"
"ATT521_837X3_photo3-20190703-085421.jpg","10","Dwarf Shrub Heath","8","Acid Grassland","./data/CS_Xplots_2019_2023_test","8","0.9778904318809509","12","0.02171533741056919","10","0.00019872777920681983"
"ATT1117_322XX5_2021_photo3-20210915-135006.jpg","9","Bracken","8","Acid Grassland","./data/CS_Xplots_2019_2023_test","8","0.8045747876167297","9","0.19336846470832825","6","0.0015241601504385471"
"ATT906_782X3_2021_photo1-20210817-114828.jpg","2","Coniferous Woodland","1","Broadleaved Mixed and Yew Woodland","./data/CS_Xplots_2019_2023_test","1","0.9943033456802368","2","0.005492849741131067","12","0.00005937934838584624"
"ATT527_937X4_photo2-20190709-103732.jpg","2","Coniferous Woodland","8","Acid Grassland","./data/CS_Xplots_2019_2023_test","8","0.9931704998016357","2","0.005233575589954853","10","0.0008396671037189662"
"ATT299_707XX5_2020_sp_photo1-20200826-100238.jpg","1","Broadleaved Mixed and Yew Woodland","2","Coniferous Woodland","./data/CS_Xplots_2019_2023_test","2","0.6920948028564453","1","0.30790412425994873","4","4.4155638079246273e-7"
"ATT3604_810XX2_2023_photo2-20230919-112207.jpg","1","Broadleaved Mixed and Yew Woodland","4","Arable and Horticulture","./data/CS_Xplots_2019_2023_test","4","0.6009774804115295","6","0.08641476184129715","1","0.07691588252782822"
"ATT186_970XX4_2021_photo1-20210524-123822.jpg","6","Neutral Grassland","5","Improved Grassland","./data/CS_Xplots_2019_2023_test","5","0.9350428581237793","8","0.05425456538796425","6","0.008243735879659653"
"ATT503_955X4_photo4-20190619-110045.jpg","11","Fen, Marsh, Swamp","12","Bog","./data/CS_Xplots_2019_2023_test","12","0.8469331860542297","10","0.08759932965040207","8","0.06283950060606003"
"ATT1182_1214XX1_photo1-20190909-091827.jpg","8","Acid Grassland","12","Bog","./data/CS_Xplots_2019_2023_test","12","0.965149998664856","8","0.03204135224223137","6","0.001108517055399716"
"ATT886_751X5_photo3-20190821-092843.jpg","5","Improved Grassland","6","Neutral Grassland","./data/CS_Xplots_2019_2023_test","6","0.4813558757305145","5","0.4812704920768738","8","0.03509288653731346"
"ATT562_906XX2_2023_photo4-20230523-152256.jpg","8","Acid Grassland","9","Bracken","./data/CS_Xplots_2019_2023_test","9","0.9325483441352844","8","0.06079535186290741","6","0.004970702808350325"
"ATT278_1215XX3_2020_photo1-20200824-143438.jpg","17","Inland Rock","8","Acid Grassland","./data/CS_Xplots_2019_2023_test","8","0.5005327463150024","17","0.3397447466850281","6","0.043113403022289276"
"ATT508_10XX5_2023_photo3-20230522-115107.jpg","6","Neutral Grassland","7","Calcareous Grassland","./data/CS_Xplots_2019_2023_test","7","0.35184749960899353","9","0.3465082347393036","6","0.27489858865737915"
"ATT872_922XX3_2023_photo3-20230601-104503.jpg","8","Acid Grassland","11","Fen, Marsh, Swamp","./data/CS_Xplots_2019_2023_test","11","0.6350641250610352","8","0.20269744098186493","12","0.15739192068576813"
"ATT913_782X5_2021_photo1-20210817-144003.jpg","2","Coniferous Woodland","1","Broadleaved Mixed and Yew Woodland","./data/CS_Xplots_2019_2023_test","1","0.854961097240448","2","0.14503590762615204","9","7.317263452932821e-7"
"ATT3036_1035X4_2023_photo1-20230823-145640.jpg","1","Broadleaved Mixed and Yew Woodland","8","Acid Grassland","./data/CS_Xplots_2019_2023_test","8","0.5594028234481812","9","0.4234825670719147","10","0.016334954649209976"
"ATT282_125X1_photo1-20190610-131430.jpg","5","Improved Grassland","6","Neutral Grassland","./data/CS_Xplots_2019_2023_test","6","0.9034822583198547","5","0.09621495008468628","7","0.0002724211080931127"
"ATT1320_931X1_2019_IMG_3892.jpg","10","Dwarf Shrub Heath","9","Bracken","./data/CS_Xplots_2019_2023_test","9","0.5376017689704895","8","0.4339670240879059","11","0.012980833649635315"
"ATT519_837X3_photo1-20190703-085250.jpg","10","Dwarf Shrub Heath","8","Acid Grassland","./data/CS_Xplots_2019_2023_test","8","0.7912597060203552","12","0.1754474639892578","10","0.030422963201999664"
"ATT440_910XX2_photo1-20190626-114920.jpg","6","Neutral Grassland","17","Inland Rock","./data/CS_Xplots_2019_2023_test","17","0.9125935435295105","15","0.029234392568469048","18","0.027684783563017845"
"ATT1003_744XX2_photo3-20190820-141011.jpg","2","Coniferous Woodland","1","Broadleaved Mixed and Yew Woodland","./data/CS_Xplots_2019_2023_test","1","0.6697782278060913","2","0.3302117884159088","6","0.000004662266292143613"
"ATT627_843X2_2021_photo1-20210707-103437.jpg","1","Broadleaved Mixed and Yew Woodland","6","Neutral Grassland","./data/CS_Xplots_2019_2023_test","6","0.8963011503219604","5","0.0934755802154541","11","0.009345761500298977"
"ATT336_101XX3_photo2-20190612-094410.jpg","11","Fen, Marsh, Swamp","6","Neutral Grassland","./data/CS_Xplots_2019_2023_test","6","0.9914652705192566","5","0.008343027904629707","7","0.0001762528991093859"
"ATT3011_279XX3_2023_photo3-20230822-114133.jpg","6","Neutral Grassland","4","Arable and Horticulture","./data/CS_Xplots_2019_2023_test","4","0.9988946318626404","6","0.0007856220472604036","5","0.00025895200087688863"
"ATT993_733XX3_2021_photo1-20210827-122827.jpg","5","Improved Grassland","6","Neutral Grassland","./data/CS_Xplots_2019_2023_test","6","0.507958710193634","5","0.48680442571640015","7","0.004021369852125645"
"ATT1078_770X5_2023_photo1-20230523-132750.jpg","1","Broadleaved Mixed and Yew Woodland","2","Coniferous Woodland","./data/CS_Xplots_2019_2023_test","2","0.9685625433921814","1","0.027114495635032654","11","0.003649113466963172"
"ATT935_1084XX4_photo2-20190718-105006.jpg","6","Neutral Grassland","4","Arable and Horticulture","./data/CS_Xplots_2019_2023_test","4","0.7684984803199768","6","0.15416739881038666","11","0.033046480268239975"
"ATT1816_953XX3_2023_photo1-20230630-102418.jpg","11","Fen, Marsh, Swamp","8","Acid Grassland","./data/CS_Xplots_2019_2023_test","8","0.753603458404541","10","0.22605536878108978","9","0.008961876854300499"
"ATT563_1253XX3_2022_photo1-20220616-104420.jpg","5","Improved Grassland","6","Neutral Grassland","./data/CS_Xplots_2019_2023_test","6","0.9968379735946655","5","0.003042214084416628","7","0.00008821738447295502"
"ATT389_35XX1_2023_photo3-20230516-131814.jpg","10","Dwarf Shrub Heath","8","Acid Grassland","./data/CS_Xplots_2019_2023_test","8","0.9859193563461304","10","0.008287795819342136","12","0.004631485790014267"
"ATT520_837X3_photo2-20190703-085345.jpg","10","Dwarf Shrub Heath","8","Acid Grassland","./data/CS_Xplots_2019_2023_test","8","0.9989407658576965","12","0.0008226035861298442","10","0.00018157750309910625"
"ATT1366_991XX4_2023_photo1-20230614-111502.jpg","10","Dwarf Shrub Heath","12","Bog","./data/CS_Xplots_2019_2023_test","12","0.6641091108322144","18","0.10039187222719193","17","0.08977930247783661"
"ATT673_260XX2_photo1-20190724-113718.jpg","10","Dwarf Shrub Heath","12","Bog","./data/CS_Xplots_2019_2023_test","12","0.7733994126319885","8","0.19539129734039307","10","0.024216987192630768"
"ATT574_1248XX1_2022_photo4-20220617-093238.jpg","5","Improved Grassland","6","Neutral Grassland","./data/CS_Xplots_2019_2023_test","6","0.9455435276031494","4","0.03408646211028099","5","0.020283807069063187"
"ATT1006_642X2_2021_photo2-20210818-100749.jpg","11","Fen, Marsh, Swamp","5","Improved Grassland","./data/CS_Xplots_2019_2023_test","5","0.6393764019012451","11","0.17419801652431488","6","0.17268161475658417"
"ATT963_1272XX1_2021_photo2-20210819-132622.jpg","6","Neutral Grassland","8","Acid Grassland","./data/CS_Xplots_2019_2023_test","8","0.9484076499938965","10","0.045370351523160934","12","0.004322859924286604"
"ATT638_1149X1_2022_photo2-20220624-084341.jpg","10","Dwarf Shrub Heath","12","Bog","./data/CS_Xplots_2019_2023_test","12","0.9676293134689331","10","0.03197389468550682","11","0.00023746798979118466"
"ATT3010_279XX3_2023_photo2-20230822-114112.jpg","6","Neutral Grassland","4","Arable and Horticulture","./data/CS_Xplots_2019_2023_test","4","0.9999141693115234","5","0.00002795984437398147","6","0.00002665950705704745"
"ATT395_83XX2_photo2-20190624-134307.jpg","8","Acid Grassland","10","Dwarf Shrub Heath","./data/CS_Xplots_2019_2023_test","10","0.9911816120147705","12","0.007384446449577808","17","0.0004810935351997614"
"ATT1321_931X1_2019_IMG_3894.jpg","10","Dwarf Shrub Heath","9","Bracken","./data/CS_Xplots_2019_2023_test","9","0.8212082982063293","8","0.1729821115732193","17","0.0029547454323619604"
"ATT1079_770X5_2023_photo2-20230523-132823.jpg","1","Broadleaved Mixed and Yew Woodland","11","Fen, Marsh, Swamp","./data/CS_Xplots_2019_2023_test","11","0.9672179818153381","2","0.03052082657814026","12","0.0011030243476852775"
"ATT1078_701X4_photo4-20190823-133535.jpg","5","Improved Grassland","4","Arable and Horticulture","./data/CS_Xplots_2019_2023_test","4","0.9993060827255249","5","0.0006712648319080472","6","0.000010517661394260358"
"ATT2318_1131X1_2023_photo1-20230727-094001.jpg","10","Dwarf Shrub Heath","12","Bog","./data/CS_Xplots_2019_2023_test","12","0.6858991384506226","10","0.29503133893013","11","0.01672978140413761"
"ATT424_84XX4_2022_sp_photo4-20220523-131827.jpg","6","Neutral Grassland","5","Improved Grassland","./data/CS_Xplots_2019_2023_test","5","0.9985818862915039","4","0.0009063076577149332","6","0.00037690860335715115"
"ATT429_461XX1_2021_photo2-20210603-113413.jpg","8","Acid Grassland","6","Neutral Grassland","./data/CS_Xplots_2019_2023_test","6","0.9926087260246277","8","0.005769666749984026","11","0.001400943729095161"
"ATT1241_350XX5_photo2-20190909-132502.jpg","6","Neutral Grassland","5","Improved Grassland","./data/CS_Xplots_2019_2023_test","5","0.7184062004089355","6","0.27958324551582336","7","0.0013527350965887308"
"ATT388_570XX1_2020_photo2-20200907-091309.jpg","0","Urban","5","Improved Grassland","./data/CS_Xplots_2019_2023_test","5","0.9889203906059265","0","0.010409628972411156","4","0.00032786710653454065"
"ATT2248_64XX2_2023_photo1-20230721-094504.jpg","14","Littoral Sediment","19","Supra-littoral Sediment","./data/CS_Xplots_2019_2023_test","19","0.9087479710578918","0","0.06416010111570358","3","0.011133087798953056"
"ATT142_475X1_2021_photo1-20210512-111116.jpg","4","Arable and Horticulture","9","Bracken","./data/CS_Xplots_2019_2023_test","9","0.9999576807022095","8","0.0000169842314790003","2","0.000011368935702193994"
"ATT340_101XX5_photo2-20190612-144505.jpg","11","Fen, Marsh, Swamp","6","Neutral Grassland","./data/CS_Xplots_2019_2023_test","6","0.9995430707931519","11","0.00035373296122998","8","0.000028294898584135808"
"ATT450_861XX2_photo2-20190619-095547.jpg","6","Neutral Grassland","5","Improved Grassland","./data/CS_Xplots_2019_2023_test","5","0.996343195438385","6","0.002090547000989318","4","0.0014881578972563148"
"ATT96_224XX5_2023_photo2-20230502-124613.jpg","5","Improved Grassland","6","Neutral Grassland","./data/CS_Xplots_2019_2023_test","6","0.6049715280532837","5","0.3776295483112335","4","0.017089061439037323"
"ATT2042_1012XX2_2023_photo2-20230706-162525.jpg","15","Montane","10","Dwarf Shrub Heath","./data/CS_Xplots_2019_2023_test","10","0.9960434436798096","8","0.0020058045629411936","15","0.0012978019658476114"
"ATT955_1261XX5_2021_photo1-20210818-131715fromEast.jpg","11","Fen, Marsh, Swamp","6","Neutral Grassland","./data/CS_Xplots_2019_2023_test","6","0.6536740064620972","8","0.20385664701461792","11","0.13765563070774078"
"ATT1345_932XX4_2019_IMG_4428.jpg","8","Acid Grassland","12","Bog","./data/CS_Xplots_2019_2023_test","12","0.7899625301361084","10","0.16129447519779205","8","0.03949330374598503"
"ATT521_705XX4_2020_photo2-20200917-141218.jpg","11","Fen, Marsh, Swamp","8","Acid Grassland","./data/CS_Xplots_2019_2023_test","8","0.9903554916381836","11","0.008167819119989872","12","0.001076356740668416"
"ATT28_241XX1_2020_photo1-20200803-105854.jpg","0","Urban","4","Arable and Horticulture","./data/CS_Xplots_2019_2023_test","4","0.7698999643325806","5","0.2246048003435135","0","0.005215196870267391"
"ATT950_145XX3_2023_photo4-20230516-132709.jpg","6","Neutral Grassland","5","Improved Grassland","./data/CS_Xplots_2019_2023_test","5","0.6837979555130005","6","0.313978374004364","7","0.0021959792356938124"
"ATT580_844X3_2021_photo1-20210630-093642.jpg","10","Dwarf Shrub Heath","12","Bog","./data/CS_Xplots_2019_2023_test","12","0.5237650871276855","18","0.15036872029304504","10","0.0986202210187912"
"ATT500_955X4_photo1-20190619-105418.jpg","11","Fen, Marsh, Swamp","8","Acid Grassland","./data/CS_Xplots_2019_2023_test","8","0.6718169450759888","12","0.2224879413843155","11","0.08139896392822266"
"ATT1161_761XX2_2022_photo1-20220817-112246.jpg","6","Neutral Grassland","5","Improved Grassland","./data/CS_Xplots_2019_2023_test","5","0.9992188215255737","6","0.0005532618961296976","7","0.00021165426005609334"
"ATT95_224XX5_2023_photo1-20230502-124505.jpg","5","Improved Grassland","6","Neutral Grassland","./data/CS_Xplots_2019_2023_test","6","0.9355140924453735","5","0.06404672563076019","4","0.00022379556321538985"
"ATT516_1163XX2_2022_photo2-20220616-092709.jpg","12","Bog","10","Dwarf Shrub Heath","./data/CS_Xplots_2019_2023_test","10","0.8646405935287476","12","0.1182188168168068","17","0.013101656921207905"
"ATT1001_744XX2_photo1-20190820-140919.jpg","2","Coniferous Woodland","1","Broadleaved Mixed and Yew Woodland","./data/CS_Xplots_2019_2023_test","1","0.8592948317527771","2","0.14069966971874237","6","0.0000022782583073421847"
"ATT849_471X4_photo2-20190806-094623.jpg","5","Improved Grassland","1","Broadleaved Mixed and Yew Woodland","./data/CS_Xplots_2019_2023_test","1","0.8461049795150757","6","0.09530303627252579","2","0.020930256694555283"
"ATT481_364X4_2022_photo2-20220613-152725.jpg","4","Arable and Horticulture","5","Improved Grassland","./data/CS_Xplots_2019_2023_test","5","0.5566391944885254","4","0.4331355690956116","6","0.008345658890902996"
"ATT3043_994XX3_2023_photo2-20230824-115121.jpg","12","Bog","10","Dwarf Shrub Heath","./data/CS_Xplots_2019_2023_test","10","0.9953232407569885","12","0.002983848797157407","11","0.0016648707678541541"
"ATT1141_102XX3_2023_photo1-20230605-102701.jpg","6","Neutral Grassland","5","Improved Grassland","./data/CS_Xplots_2019_2023_test","5","0.9781697988510132","0","0.014181498438119888","6","0.006036130245774984"
"ATT1257_489XX3_2023_photo1-20230601-100919.jpg","8","Acid Grassland","13","Littoral Rock","./data/CS_Xplots_2019_2023_test","13","0.8243470191955566","14","0.08523307740688324","19","0.02379763498902321"
"ATT1211_607X1_2022_photo1-20220830-161704.jpg","6","Neutral Grassland","5","Improved Grassland","./data/CS_Xplots_2019_2023_test","5","0.9895311594009399","4","0.008645531721413136","6","0.0017942554550245404"
"ATT459_346XX5_2021_photo2-20210615-120406.jpg","6","Neutral Grassland","5","Improved Grassland","./data/CS_Xplots_2019_2023_test","5","0.9747492074966431","6","0.024950722232460976","7","0.0002425388083793223"
"ATT225_383X4_2020_photo2-20200815-110918.jpg","1","Broadleaved Mixed and Yew Woodland","2","Coniferous Woodland","./data/CS_Xplots_2019_2023_test","2","0.7013254761695862","1","0.29866939783096313","15","0.0000020687775759142824"
"ATT9_693XX2_2020_photo2-20200806-131342.jpg","12","Bog","10","Dwarf Shrub Heath","./data/CS_Xplots_2019_2023_test","10","0.574906587600708","12","0.2534402906894684","8","0.17001907527446747"
"ATT1081_701X3_photo3-20190823-105144.jpg","1","Broadleaved Mixed and Yew Woodland","2","Coniferous Woodland","./data/CS_Xplots_2019_2023_test","2","0.9198473691940308","10","0.037713464349508286","8","0.01925366185605526"
"ATT795_1202X5_2021_photo1-20210804-101018.jpg","8","Acid Grassland","12","Bog","./data/CS_Xplots_2019_2023_test","12","0.9988179802894592","11","0.0010722974548116326","8","0.00008572920341975987"
"ATT2731_785X2_2023_photo1-20230815-101355.jpg","11","Fen, Marsh, Swamp","12","Bog","./data/CS_Xplots_2019_2023_test","12","0.9410744905471802","11","0.04820150509476662","8","0.005827142857015133"